year,cycle,trend
2015,399.7862170087977,399.8819941348974
2016,403.0122677595628,403.01292349726776
2017,405.4862739726027,405.49002739726023
2018,407.72893150684934,407.71084931506846
2019,410.27383561643836,410.2876438356164
2020,412.78928961748636,412.7514754098361
2021,414.94246575342464,415.00578082191777
2022,417.2301917808219,417.16868493150685
2023,419.3889041095891,419.4211232876712
2024,422.8690710382513,422.8720218579235
2025,427.11419117647057,425.2440441176471
